name,lang,id,n,size(B),cpu(s),mem(KB),status,load,elapsed(s)
binarytrees,swift,1,21,714,0.000,0,-2,%,0.000
binarytrees,mri,1,21,376,1839.733,1558300,0,80% 21% 1% 1%,1841.282
binarytrees,jruby,4,21,364,184.090,1650420,0,48% 55% 46% 32%,102.471
binarytrees,mri,4,21,364,1748.289,1558692,0,18% 2% 10% 71%,1749.831
binarytrees,typescript,2,21,448,97.220,667280,0,50% 47% 70% 46%,45.720
binarytrees,yarv,5,21,1107,177.534,433920,0,79% 94% 87% 78%,52.826
binarytrees,php,1,21,451,228.331,734884,0,29% 0% 0% 72%,228.499
binarytrees,sbcl,2,21,649,0.000,21116,-1,0% 1% 1% 0%,300.586
binarytrees,hipe,2,21,478,23.315,399604,0,71% 77% 85% 73%,7.632
binarytrees,mri,2,21,378,1839.647,1558396,0,35% 17% 1% 49%,1841.269
binarytrees,gpp,3,21,945,10.631,221792,0,67% 45% 89% 42%,4.431
binarytrees,truffle,2,21,378,232.212,2207032,0,46% 41% 50% 61%,119.461
binarytrees,go,4,21,654,109.578,434632,0,94% 95% 95% 97%,28.798
binarytrees,python3,2,21,471,302.751,274484,0,83% 1% 1% 18%,302.881
binarytrees,vw,3,21,959,54.741,375560,0,83% 56% 86% 34%,31.239
binarytrees,yarv,2,21,378,160.952,440796,0,27% 8% 91% 9%,121.261
binarytrees,gnat,4,21,2107,27.209,202512,0,79% 90% 75% 82%,8.391
binarytrees,hack,3,21,425,29.890,378924,0,1% 76% 24% 0%,29.974
binarytrees,typescript,1,21,451,99.003,665088,0,51% 48% 73% 47%,45.499
binarytrees,jruby,3,21,400,121.452,1820664,0,20% 36% 29% 33%,104.970
binarytrees,javaaot,7,21,835,43.157,795064,0,50% 54% 58% 61%,21.987
binarytrees,fsharpcore,2,21,482,41.975,914740,0,17% 44% 40% 11%,38.091
binarytrees,fsharpcore,4,21,488,35.600,1060644,0,33% 37% 31% 14%,31.648
binarytrees,ghc,2,21,491,55.833,453912,0,96% 35% 35% 38%,27.526
binarytrees,csharpcore,3,21,676,48.874,2313172,0,79% 88% 83% 80%,15.019
binarytrees,truffle,5,21,1107,414.605,2304072,0,92% 92% 92% 95%,112.246
binarytrees,truffle,3,21,400,221.365,2186464,0,50% 43% 37% 64%,114.964
binarytrees,go,3,21,640,137.766,874404,0,99% 96% 97% 95%,35.706
binarytrees,mri,5,21,1083,0.000,0,-2,0% 0% 0% 33%,0.028
binarytrees,rust,1,21,751,23.562,133468,0,91% 88% 90% 74%,6.927
binarytrees,go,9,21,508,97.467,257972,0,41% 48% 41% 45%,56.287
binarytrees,hipe,1,21,420,21.631,554100,0,45% 11% 45% 2%,21.460
binarytrees,php,7,21,751,197.599,1551888,0,87% 71% 77% 81%,85.018
binarytrees,hack,1,21,451,149.368,642380,0,1% 0% 0% 100%,149.523
binarytrees,hack,4,21,742,0.000,98044,-10,5% 18% 75% 15%,0.546
binarytrees,yarv,3,21,400,164.034,526356,0,47% 56% 26% 8%,124.407
binarytrees,lua,2,21,412,467.623,2312236,0,59% 1% 1% 42%,468.115
binarytrees,gpp,6,21,844,10.931,221936,0,49% 83% 45% 69%,4.500
binarytrees,fsharpcore,6,21,611,28.716,1050104,0,88% 89% 89% 85%,8.234
binarytrees,sbcl,1,21,594,0.000,21116,-1,0% 1% 0% 0%,300.581
binarytrees,perl,1,21,395,430.485,598628,0,9% 1% 1% 91%,430.664
binarytrees,gnat,5,21,2107,27.549,202536,0,72% 80% 80% 91%,8.563
binarytrees,ifc,2,21,1148,18.957,113180,0,91% 63% 65% 78%,6.442
binarytrees,ghc,6,21,592,0.000,0,-11,%,0.000
binarytrees,csharpcore,2,21,586,20.178,818404,0,12% 52% 40% 11%,18.195
binarytrees,gcc,5,21,908,56.350,351440,0,78% 97% 84% 93%,16.093
binarytrees,dart,1,21,457,48.142,469280,0,24% 29% 65% 12%,37.627
binarytrees,fsharpcore,1,21,506,32.169,1152432,0,39% 35% 27% 13%,28.288
binarytrees,java,6,21,529,16.427,823964,0,11% 59% 42% 17%,12.967
binarytrees,fsharpcore,8,21,619,28.556,1211876,0,91% 83% 84% 88%,8.272
binarytrees,racket,1,21,476,49.169,619480,0,0% 35% 66% 0%,49.222
binarytrees,node,1,21,440,97.722,662368,0,57% 47% 49% 63%,45.252
binarytrees,truffle,4,21,364,225.501,2319404,0,35% 43% 78% 43%,113.722
binarytrees,rust,2,21,721,14.741,167448,0,90% 99% 89% 89%,4.043
binarytrees,yarv,4,21,364,134.280,438156,0,15% 30% 22% 77%,94.462
binarytrees,gpp,1,21,754,31.723,1904208,0,94% 92% 92% 94%,8.572
binarytrees,jruby,2,21,378,238.939,2325612,0,52% 62% 52% 42%,115.959
binarytrees,gcc,3,21,836,7.758,130292,0,78% 67% 64% 98%,2.540
binarytrees,python3,1,21,721,333.898,449512,0,90% 93% 90% 90%,92.782
binarytrees,csharpcore,4,21,810,25.568,755336,0,89% 82% 77% 83%,7.786
binarytrees,php,5,21,1040,222.044,736908,0,91% 95% 0% 95%,79.007
binarytrees,swift,9,21,1001,0.000,0,-2,100% 0% 0% 50%,0.056
binarytrees,fpascal,1,21,715,36.397,262180,0,100% 1% 1% 0%,36.424
binarytrees,go,7,21,525,101.848,256892,0,46% 42% 45% 43%,58.116
binarytrees,yarv,1,21,376,157.629,440916,0,45% 56% 24% 10%,117.965
binarytrees,fsharpcore,7,21,516,47.421,1433576,0,81% 71% 75% 71%,16.056
binarytrees,javaaot,6,21,529,21.148,654888,0,0% 34% 67% 0%,21.174
binarytrees,java,4,21,840,16.757,785124,0,90% 15% 15% 18%,12.214
binarytrees,php,3,21,428,223.651,1551796,0,5% 13% 19% 66%,223.816
binarytrees,go,2,21,660,115.730,414780,0,97% 95% 96% 96%,30.231
binarytrees,sbcl,3,21,943,21.438,369508,0,62% 62% 77% 58%,8.489
binarytrees,gcc,1,21,654,31.936,263676,0,1% 1% 100% 0%,31.957
binarytrees,gpp,9,21,809,7.923,130212,0,76% 67% 63% 99%,2.620
binarytrees,gnat,3,21,1266,74.730,528136,0,80% 80% 79% 87%,22.931
binarytrees,javaaot,4,21,840,33.798,1248064,0,24% 0% 59% 18%,33.852
binarytrees,java,2,21,552,15.851,820496,0,95% 10% 14% 11%,12.378
binarytrees,fsharpcore,5,21,515,0.000,780,-10,7% 4% 7% 96%,0.265
binarytrees,perl,3,21,648,609.324,2199432,0,83% 93% 77% 81%,183.128
binarytrees,java,3,21,540,15.894,827536,0,13% 45% 62% 10%,12.370
binarytrees,ghc,5,21,561,0.000,0,-11,%,0.000
binarytrees,gnat,1,21,888,34.059,265520,0,1% 71% 30% 1%,34.085
binarytrees,ocaml,2,21,751,29.450,116084,0,88% 89% 43% 81%,9.809
binarytrees,ocaml,5,21,461,22.239,152048,0,1% 0% 100% 0%,22.262
binarytrees,ifc,1,21,773,101.131,791484,0,98% 2% 1% 0%,101.203
binarytrees,hack,2,21,422,133.101,642484,0,82% 19% 1% 0%,133.253
binarytrees,php,2,21,423,322.034,734856,0,0% 77% 23% 1%,322.307
binarytrees,java,7,21,835,28.126,930040,0,78% 94% 85% 86%,8.289
binarytrees,fsharpcore,3,21,531,25.316,821920,0,17% 40% 40% 15%,23.004
binarytrees,go,1,21,482,97.604,265700,0,43% 46% 46% 41%,55.803
binarytrees,mri,3,21,400,1269.573,839728,0,25% 0% 0% 76%,1270.536
binarytrees,gpp,8,21,820,13.127,221920,0,51% 79% 55% 69%,5.203
binarytrees,typescript,3,21,947,76.516,1056640,0,86% 87% 86% 85%,22.416
binarytrees,jruby,5,21,1083,230.827,2333436,0,95% 93% 94% 92%,61.893
binarytrees,ghc,3,21,538,0.000,0,-11,%,0.000
binarytrees,jruby,1,21,376,236.175,2325012,0,66% 37% 55% 53%,115.204
binarytrees,racket,2,21,416,29.779,501312,0,0% 1% 100% 0%,29.807
binarytrees,csharpcore,1,21,600,32.191,1173048,0,23% 37% 42% 14%,28.234
binarytrees,vw,1,21,744,76.691,375384,0,0% 0% 0% 100%,76.768
binarytrees,racket,3,21,473,28.290,493956,0,0% 0% 0% 100%,28.314
binarytrees,javaaot,3,21,540,21.125,662220,0,1% 100% 1% 0%,21.154
binarytrees,erlang,2,21,478,53.728,511840,0,88% 83% 91% 86%,15.509
binarytrees,php,6,21,868,235.574,736468,0,93% 94% 92% 98%,65.199
binarytrees,javaaot,2,21,552,21.066,655536,0,0% 100% 2% 0%,21.093
binarytrees,go,5,21,950,127.223,407804,0,99% 99% 99% 99%,32.098
binarytrees,ghc,4,21,618,0.000,0,-10,0% 0% 0% 0%,0.016
binarytrees,gpp,2,21,508,28.545,265072,0,1% 100% 1% 0%,28.567
binarytrees,truffle,1,21,376,234.842,2294560,0,41% 68% 35% 54%,119.549
binarytrees,erlang,1,21,420,45.944,521296,0,100% 1% 1% 0%,45.953
binarytrees,php,4,21,770,316.718,1552072,0,67% 89% 70% 71%,112.737
binarytrees,ghc,1,21,494,52.226,711956,0,91% 37% 36% 45%,25.127
binarytrees,chapel,1,21,484,42.094,298472,0,100% 75% 76% 56%,13.819
fannkuchredux,csharpcore,2,12,564,64.564,34244,0,1% 0% 1% 100%,64.570
fannkuchredux,go,1,12,900,58.647,1540,0,100% 100% 99% 100%,14.721
fannkuchredux,node,1,12,471,100.627,31556,0,0% 0% 41% 59%,100.654
fannkuchredux,gcc,3,12,567,47.870,868,0,100% 1% 1% 0%,47.884
fannkuchredux,fsharpcore,3,12,945,89.364,37248,0,99% 99% 85% 87%,24.183
fannkuchredux,node,4,12,473,81.440,31512,0,18% 82% 0% 0%,81.459
fannkuchredux,erlang,1,12,1038,684.392,35840,0,99% 100% 96% 98%,174.585
fannkuchredux,fsharpcore,1,12,551,222.622,65828,0,84% 7% 6% 5%,220.059
fannkuchredux,ifc,3,12,1158,57.592,11104,0,100% 100% 100% 100%,14.432
fannkuchredux,racket,3,12,1101,337.433,23348,0,90% 90% 90% 100%,91.114
fannkuchredux,java,1,12,1282,69.775,31900,0,99% 98% 99% 98%,17.741
fannkuchredux,jruby,2,12,1432,1872.686,785604,0,91% 97% 92% 94%,501.973
fannkuchredux,hack,3,12,1160,906.999,114892,0,99% 99% 100% 99%,229.012
fannkuchredux,python3,4,12,1080,2205.805,47276,0,100% 99% 100% 98%,557.673
fannkuchredux,csharpcore,3,12,1096,80.346,33832,0,98% 100% 100% 98%,20.397
fannkuchredux,gnat,3,12,2113,39.127,4448,0,100% 100% 100% 100%,9.818
fannkuchredux,rust,3,12,1020,39.420,1876,0,100% 93% 100% 99%,10.091
fannkuchredux,gcc,4,12,1183,22.636,868,0,1% 0% 0% 100%,22.642
fannkuchredux,truffle,2,12,1454,193.515,457624,0,94% 93% 96% 96%,51.017
fannkuchredux,fsharpcore,4,12,612,66.677,35456,0,100% 0% 0% 0%,66.681
fannkuchredux,mri,1,12,384,19883.198,4716,0,6% 68% 17% 11%,19888.782
fannkuchredux,javaaot,1,12,1282,105.928,5664,0,98% 100% 99% 100%,26.715
fannkuchredux,mri,2,12,1432,0.000,0,-2,%,0.000
fannkuchredux,javaaot,3,12,1257,105.968,5572,0,0% 62% 38% 0%,105.991
fannkuchredux,csharpcore,4,12,1172,75.742,35640,0,98% 98% 99% 100%,19.202
fannkuchredux,ghc,6,12,1113,60.919,3280,0,99% 98% 100% 100%,15.406
fannkuchredux,sbcl,2,12,517,95.922,18320,0,0% 77% 23% 0%,95.941
fannkuchredux,gpp,5,12,980,41.914,2040,0,100% 95% 100% 100%,10.620
fannkuchredux,sbcl,4,12,1527,60.607,32332,0,97% 92% 98% 99%,15.687
fannkuchredux,gpp,7,12,1150,25.366,812,0,0% 0% 1% 100%,25.374
fannkuchredux,gpp,3,12,593,68.252,816,0,1% 0% 1% 100%,68.266
fannkuchredux,java,3,12,1257,70.998,31740,0,1% 89% 11% 1%,70.812
fannkuchredux,php,1,12,482,1401.863,9360,0,1% 0% 0% 100%,1402.134
fannkuchredux,truffle,1,12,384,155.006,343644,0,6% 11% 7% 93%,134.269
fannkuchredux,csharpcore,1,12,520,78.518,34164,0,100% 1% 1% 0%,78.525
fannkuchredux,php,3,12,1160,929.489,34748,0,100% 99% 100% 99%,233.570
fannkuchredux,java,2,12,514,69.492,32036,0,96% 1% 0% 4%,69.347
fannkuchredux,perl,3,12,427,1788.099,3756,0,13% 41% 1% 46%,1788.455
fannkuchredux,racket,2,12,908,292.865,23304,0,0% 1% 1% 100%,292.791
fannkuchredux,ocaml,3,12,1017,0.009,29680,0,100% 100% 100% 100%,16.143
fannkuchredux,csharpcore,5,12,1049,73.959,33352,0,99% 99% 91% 99%,19.082
fannkuchredux,fpascal,1,12,1050,71.353,1984,0,100% 100% 100% 100%,17.899
fannkuchredux,chapel,1,12,728,48.610,4128,0,100% 100% 100% 99%,12.224
fannkuchredux,javaaot,2,12,514,114.201,5552,0,0% 1% 100% 0%,114.223
fannkuchredux,gpp,1,12,1059,55.762,2000,0,100% 99% 94% 99%,14.245
fannkuchredux,sbcl,3,12,826,69.238,31944,0,100% 1% 0% 0%,69.251
fannkuchredux,go,2,12,896,59.533,10788,0,100% 100% 100% 100%,14.938
fannkuchredux,php,2,12,441,907.745,8892,0,0% 92% 9% 0%,907.922
fannkuchredux,gcc,5,12,910,34.427,980,0,98% 97% 100% 100%,8.723
fannkuchredux,gpp,2,12,1440,0.000,0,-11,%,0.000
fannkuchredux,python3,6,12,559,2473.624,7788,0,0% 0% 1% 100%,2474.285
fannkuchredux,ocaml,1,12,524,96.468,1780,0,1% 0% 100% 0%,96.486
fannkuchredux,hipe,1,12,1038,398.396,20880,0,97% 94% 100% 99%,103.248
fannkuchredux,fsharpcore,2,12,548,84.886,35116,0,0% 100% 1% 0%,84.894
fannkuchredux,ghc,4,12,665,239.537,3932,0,99% 100% 100% 99%,60.185
fannkuchredux,gcc,2,12,1557,60.730,952,0,96% 97% 98% 100%,15.549
fannkuchredux,ghc,3,12,1159,0.000,0,-11,%,0.000
fannkuchredux,swift,3,12,1102,39.294,7800,0,100% 100% 98% 98%,9.935
fannkuchredux,vw,1,12,947,703.556,54888,0,27% 7% 1% 67%,703.803
fannkuchredux,fsharpcore,7,12,953,65.135,36944,0,97% 95% 99% 98%,16.759
fannkuchredux,dart,2,12,495,86.923,28864,0,1% 9% 91% 1%,86.894
fannkuchredux,jruby,1,12,384,919.314,768860,0,38% 49% 10% 7%,909.381
fannkuchredux,hack,2,12,440,862.137,113468,0,4% 38% 60% 0%,862.385
fannkuchredux,sbcl,5,12,681,52.711,44336,0,0% 84% 17% 0%,52.723
fannkuchredux,yarv,1,12,384,1657.608,11996,0,2% 99% 2% 1%,1619.531
fannkuchredux,ghc,5,12,842,0.000,0,-11,%,0.000
fannkuchredux,csharpcore,6,12,1068,69.419,33452,0,99% 99% 99% 100%,17.481
fannkuchredux,gpp,4,12,1439,0.000,0,-11,%,0.000
fannkuchredux,fsharpcore,8,12,949,65.998,37124,0,97% 100% 95% 98%,16.953
fannkuchredux,ghc,2,12,808,0.000,0,-11,%,0.000
fannkuchredux,ocaml,4,12,1004,0.007,19288,0,100% 100% 100% 100%,16.543
fannkuchredux,hack,1,12,532,2511.667,114332,0,1% 98% 2% 0%,2512.229
fannkuchredux,ghc,1,12,559,639.124,6180,0,28% 37% 22% 44%,492.576
fannkuchredux,rust,2,12,1191,47.722,1892,0,94% 100% 99% 100%,12.155
fannkuchredux,typescript,1,12,445,140.337,31452,0,100% 1% 2% 1%,140.366
fannkuchredux,racket,1,12,649,304.302,23284,0,0% 39% 62% 0%,304.288
fannkuchredux,ocaml,2,12,473,85.341,1812,0,1% 100% 0% 0%,85.357
fannkuchredux,gcc,1,12,508,73.091,824,0,1% 0% 100% 0%,73.108
fannkuchredux,yarv,2,12,1454,2272.553,36872,0,99% 94% 99% 99%,581.681
fannkuchredux,fsharpcore,5,12,912,77.967,36940,0,99% 98% 98% 99%,19.783
fannkuchredux,fsharpcore,6,12,1025,69.334,35560,0,99% 98% 97% 95%,17.814
fannkuchredux,swift,1,12,451,57.528,4556,0,0% 0% 0% 100%,57.541
fannkuchredux,ifc,1,12,599,67.465,1900,0,0% 0% 100% 0%,67.480
fannkuchredux,perl,1,12,457,2378.727,3796,0,8% 1% 0% 92%,2379.217
fannkuchredux,perl,2,12,570,2198.553,11260,0,96% 99% 95% 97%,570.206
fannkuchredux,lua,1,12,462,1383.687,1460,0,0% 100% 1% 0%,1383.932
fannkuchredux,typescript,2,12,454,116.467,31680,0,0% 0% 1% 100%,116.494
fasta,swift,1,25000000,1527,11.760,7108,0,1% 100% 0% 0%,11.764
fasta,php,2,25000000,1050,98.902,9332,0,23% 0% 1% 77%,98.924
fasta,truffle,5,25000000,995,142.961,529692,0,55% 38% 28% 27%,97.253
fasta,java,2,25000000,1257,8.257,37216,0,2% 99% 1% 3%,7.956
fasta,truffle,3,25000000,1002,113.008,515776,0,40% 46% 31% 31%,77.104
fasta,ghc,1,25000000,969,10.088,5164,0,100% 2% 2% 3%,9.555
fasta,rust,2,25000000,1906,4.411,3072,0,74% 73% 80% 74%,1.478
fasta,node,1,25000000,809,73.266,706136,0,27% 27% 31% 30%,64.475
fasta,php,3,25000000,1062,59.105,9412,0,40% 0% 1% 60%,59.118
fasta,fsharpcore,2,25000000,1308,16.375,314460,0,70% 41% 46% 41%,8.324
fasta,fsharpcore,1,25000000,1002,8.938,35476,0,0% 99% 1% 0%,8.931
fasta,sbcl,2,25000000,1622,18.706,22624,0,0% 1% 0% 100%,18.712
fasta,node,3,25000000,1128,10.441,35448,0,50% 3% 49% 1%,10.433
fasta,node,2,25000000,931,51.391,570336,0,20% 39% 33% 27%,43.136
fasta,gcc,5,25000000,1281,2.770,796,0,2% 0% 100% 1%,2.772
fasta,jruby,3,25000000,1002,151.524,815312,0,7% 63% 23% 18%,142.340
fasta,hipe,2,25000000,1164,29.152,21756,0,2% 1% 47% 54%,27.897
fasta,perl,2,25000000,922,281.212,5040,0,0% 1% 17% 83%,281.329
fasta,mri,4,25000000,913,518.607,274280,0,0% 1% 88% 12%,519.088
fasta,javaaot,2,25000000,1257,10.902,14472,0,0% 1% 100% 0%,10.906
fasta,python3,1,25000000,935,159.225,8112,0,4% 0% 1% 97%,159.380
fasta,hack,3,25000000,1061,72.210,115544,0,69% 32% 0% 1%,72.289
fasta,fpascal,4,25000000,1140,10.848,8,0,100% 0% 1% 0%,10.851
fasta,yarv,3,25000000,1002,123.224,103480,0,58% 27% 57% 12%,82.668
fasta,gpp,4,25000000,1287,6.109,768,0,2% 1% 1% 100%,6.112
fasta,csharpcore,2,25000000,1195,6.847,34820,0,2% 1% 1% 100%,6.840
fasta,rust,1,25000000,1237,7.693,1808,0,0% 100% 0% 1%,7.697
fasta,mri,5,25000000,995,569.028,4264,0,95% 6% 0% 0%,569.308
fasta,perl,4,25000000,966,212.250,4864,0,0% 48% 7% 46%,212.365
fasta,yarv,6,25000000,1069,96.834,104364,0,53% 24% 78% 22%,55.665
fasta,truffle,2,25000000,743,1584.405,1125292,0,29% 31% 45% 44%,1070.265
fasta,erlang,1,25000000,1039,161.072,21608,0,18% 97% 4% 21%,116.935
fasta,gcc,4,25000000,1240,6.106,828,0,1% 0% 1% 100%,6.109
fasta,gnat,1,25000000,1379,13.192,2024,0,1% 100% 0% 1%,13.196
fasta,dart,1,25000000,1403,8.305,35744,0,1% 0% 99% 2%,8.234
fasta,gpp,1,25000000,1057,7.231,1804,0,0% 0% 1% 100%,7.234
fasta,gcc,2,25000000,2268,5.216,2892,0,100% 100% 99% 99%,1.315
fasta,mri,3,25000000,1002,0.000,0,-2,0% 0% 0% 100%,0.024
fasta,sbcl,6,25000000,1757,15.200,50020,0,100% 1% 0% 0%,15.220
fasta,truffle,6,25000000,1069,84.200,518736,0,47% 47% 40% 40%,48.468
fasta,csharpcore,4,25000000,1524,9.319,184116,0,80% 76% 77% 93%,2.889
fasta,node,4,25000000,1785,9.435,37992,0,4% 1% 0% 100%,9.388
fasta,ghc,2,25000000,1319,45.339,447320,0,88% 82% 86% 78%,13.710
fasta,gpp,6,25000000,2324,5.294,4300,0,89% 89% 89% 89%,1.490
fasta,sbcl,3,25000000,1587,10.181,17700,0,0% 34% 67% 0%,10.185
fasta,sbcl,1,25000000,1424,18.773,22560,0,0% 1% 0% 100%,18.779
fasta,rust,5,25000000,1961,4.443,3008,0,81% 76% 74% 74%,1.472
fasta,gpp,5,25000000,2344,5.276,4340,0,90% 89% 90% 90%,1.482
fasta,gpp,2,25000000,1127,5.144,1864,0,2% 2% 1% 100%,5.147
fasta,jruby,1,25000000,770,410.585,999656,0,2% 3% 57% 43%,396.949
fasta,ifc,3,25000000,1215,10.235,8,0,31% 0% 1% 69%,10.240
fasta,erlang,2,25000000,1164,56.480,23568,0,99% 2% 4% 1%,54.484
fasta,java,4,25000000,1524,5.311,36588,0,3% 100% 2% 2%,5.060
fasta,gcc,1,25000000,1206,7.708,832,0,1% 0% 1% 100%,7.711
fasta,truffle,4,25000000,913,160.822,722808,0,56% 54% 21% 18%,108.958
fasta,gpp,7,25000000,2711,4.163,1956,0,79% 79% 79% 79%,1.330
fasta,fsharpcore,3,25000000,1350,6.066,100352,0,93% 92% 91% 98%,1.629
fasta,yarv,2,25000000,743,242.034,208032,0,5% 16% 97% 3%,202.180
fasta,ocaml,3,25000000,1071,8.875,2820,0,0% 0% 0% 100%,8.879
fasta,gcc,6,25000000,1930,5.461,2612,0,89% 9% 97% 100%,1.857
fasta,rust,3,25000000,1233,3.784,2956,0,1% 0% 0% 100%,3.787
fasta,swift,2,25000000,1953,4.623,8548,0,3% 59% 0% 90%,3.035
fasta,javaaot,5,25000000,2473,7.264,11052,0,99% 78% 78% 6%,2.814
fasta,lua,3,25000000,1061,50.701,2968,0,0% 100% 1% 0%,50.714
fasta,ocaml,6,25000000,1189,6.077,197048,0,1% 0% 100% 0%,6.081
fasta,go,3,25000000,1358,5.690,3640,0,84% 66% 70% 56%,2.077
fasta,typescript,1,25000000,1229,9.991,35456,0,29% 16% 1% 56%,9.988
fasta,go,1,25000000,1053,7.154,1472,0,0% 1% 100% 0%,7.155
fasta,hack,4,25000000,1147,42.656,114632,0,100% 1% 1% 0%,42.729
fasta,go,2,25000000,1404,6.313,10808,0,57% 47% 79% 49%,2.717
fasta,python3,5,25000000,2034,139.943,674580,0,55% 66% 40% 68%,61.805
fasta,ifc,4,25000000,1351,2.554,8,0,1% 100% 0% 0%,2.557
fasta,yarv,5,25000000,995,184.513,12892,0,18% 13% 97% 4%,143.301
fasta,gnat,5,25000000,2221,4.118,2116,0,1% 100% 1% 0%,4.120
fasta,gpp,3,25000000,1307,4.218,1892,0,1% 1% 100% 0%,4.221
fasta,vw,1,25000000,1573,48.286,54820,0,17% 0% 0% 83%,48.302
fasta,racket,3,25000000,1280,17.463,26148,0,0% 1% 100% 0%,17.469
fasta,chapel,2,25000000,1392,5.810,5764,0,99% 82% 82% 85%,1.698
fasta,hack,2,25000000,1047,51.489,115208,0,100% 1% 1% 0%,51.561
fasta,racket,1,25000000,1066,42.620,24936,0,1% 0% 0% 100%,42.623
fasta,csharpcore,3,25000000,1916,8.257,67872,0,83% 83% 79% 96%,2.450
fasta,swift,3,25000000,2096,0.000,0,-2,0% 50% 0% 0%,0.011
fasta,mri,6,25000000,1069,0.000,0,-2,0% 20% 0% 100%,0.047
fasta,python3,2,25000000,1905,111.653,8420,0,0% 100% 1% 0%,111.682
fasta,rust,4,25000000,939,6.965,124400,0,0% 1% 100% 0%,6.969
fasta,gcc,7,25000000,2011,5.253,2876,0,96% 96% 98% 100%,1.359
fasta,javaaot,4,25000000,1524,7.373,6840,0,1% 1% 100% 0%,7.376
fasta,yarv,4,25000000,913,177.474,215924,0,57% 13% 58% 5%,136.803
fasta,mri,2,25000000,743,681.723,248148,0,0% 1% 100% 0%,681.918
fasta,lua,2,25000000,1061,50.064,2920,0,0% 7% 94% 0%,50.078
fasta,java,5,25000000,2473,6.157,43724,0,67% 76% 59% 70%,2.286
fasta,ifc,1,25000000,1190,10.038,8,0,0% 1% 100% 0%,10.042
fasta,hipe,1,25000000,1039,151.652,20868,0,33% 39% 49% 24%,105.446
fasta,csharpcore,1,25000000,2098,8.394,67756,0,92% 95% 96% 91%,2.260
fasta,perl,1,25000000,871,99.614,54044,0,0% 1% 0% 100%,99.637
fasta,python3,3,25000000,1686,112.889,8340,0,0% 100% 1% 0%,112.917
fasta,chapel,1,25000000,1218,9.139,5040,0,100% 1% 0% 1%,9.152
knucleotide,csharpcore,2,25000000,1018,135.538,1080396,0,53% 21% 20% 11%,134.058
knucleotide,vw,5,25000000,1320,619.049,385072,0,14% 28% 0% 58%,619.426
knucleotide,sbcl,6,25000000,2479,63.518,511476,0,87% 87% 87% 100%,17.619
knucleotide,csharpcore,6,25000000,1603,35.886,185772,0,73% 98% 53% 51%,13.222
knucleotide,mri,2,25000000,420,898.898,167896,0,15% 73% 13% 0%,899.317
knucleotide,perl,4,25000000,476,215.416,1068544,0,78% 78% 83% 97%,64.223
knucleotide,swift,2,25000000,1366,0.000,0,-2,100% 0% 0% 0%,0.010
knucleotide,yarv,7,25000000,880,386.322,383724,0,96% 88% 99% 86%,104.854
knucleotide,truffle,7,25000000,880,382.227,1475716,0,77% 78% 90% 87%,116.286
knucleotide,gpp,3,25000000,1276,24.681,165624,0,77% 79% 79% 95%,7.520
knucleotide,typescript,1,25000000,719,0.000,0,-2,0% 0% 0% 100%,0.095
knucleotide,dart,1,25000000,610,985.627,396192,0,95% 1% 1% 5%,985.427
knucleotide,erlang,1,25000000,930,523.908,3590628,0,57% 71% 71% 71%,242.573
knucleotide,go,6,25000000,1590,50.888,147984,0,79% 87% 97% 96%,14.215
knucleotide,csharpcore,7,25000000,1838,50.450,689920,0,84% 83% 82% 74%,15.729
knucleotide,ocaml,1,25000000,875,0.000,0,-11,%,0.000
knucleotide,jruby,3,25000000,540,0.000,844388,-10,87% 93% 94% 76%,28.354
knucleotide,hipe,1,25000000,936,331.812,3270888,0,73% 59% 62% 56%,143.453
knucleotide,truffle,2,25000000,420,896.276,2155788,0,32% 28% 24% 25%,832.725
knucleotide,python3,1,25000000,754,399.395,281104,0,74% 98% 61% 96%,121.559
knucleotide,javaaot,1,25000000,1812,0.000,0,-11,%,0.000
knucleotide,java,1,25000000,1812,26.912,384756,0,69% 88% 81% 75%,8.661
knucleotide,gpp,1,25000000,1446,24.576,756224,0,14% 23% 89% 85%,11.710
knucleotide,perl,1,25000000,652,226.024,1253764,0,87% 90% 88% 84%,65.911
knucleotide,python3,3,25000000,2054,310.701,241140,0,98% 97% 97% 100%,79.613
knucleotide,java,3,25000000,1635,41.424,381700,0,88% 80% 80% 89%,12.340
knucleotide,javaaot,4,25000000,1882,79.149,160312,0,1% 0% 100% 0%,79.200
knucleotide,swift,1,25000000,1231,119.288,170184,0,93% 93% 99% 93%,31.588
knucleotide,javaaot,6,25000000,1607,64.866,590540,0,77% 98% 77% 77%,19.816
knucleotide,go,1,25000000,986,176.100,391312,0,76% 95% 82% 86%,52.175
knucleotide,erlang,3,25000000,932,499.140,892448,0,69% 71% 94% 56%,175.103
knucleotide,csharpcore,9,25000000,2574,17.911,186824,0,93% 96% 89% 66%,5.239
knucleotide,perl,3,25000000,513,234.721,1146448,0,71% 75% 94% 95%,69.990
knucleotide,java,5,25000000,2219,87.023,242484,0,36% 51% 67% 69%,39.304
knucleotide,rust,8,25000000,1900,15.212,135832,0,46% 76% 74% 83%,5.470
knucleotide,hipe,3,25000000,937,323.769,798548,0,83% 67% 69% 70%,113.833
knucleotide,lua,2,25000000,613,183.188,513992,0,81% 1% 1% 20%,184.254
knucleotide,gnat,2,25000000,4908,26.167,258468,0,37% 18% 87% 77%,11.985
knucleotide,rust,1,25000000,1078,111.530,159608,0,88% 61% 89% 52%,38.648
knucleotide,rust,6,25000000,1671,16.558,137816,0,64% 48% 84% 98%,5.644
knucleotide,yarv,2,25000000,420,387.955,151620,0,95% 6% 11% 2%,348.316
knucleotide,javaaot,3,25000000,1635,65.329,590544,0,76% 100% 75% 76%,20.013
knucleotide,sbcl,5,25000000,2320,40.437,151844,0,100% 1% 0% 0%,40.466
knucleotide,ocaml,2,25000000,1212,0.000,0,-11,%,0.000
knucleotide,fsharpcore,2,25000000,1926,35.353,195528,0,95% 97% 89% 88%,9.635
knucleotide,rust,4,25000000,1749,16.152,138012,0,88% 98% 68% 52%,5.322
knucleotide,csharpcore,5,25000000,2319,36.232,187604,0,35% 97% 48% 94%,13.260
knucleotide,rust,5,25000000,1739,24.352,137476,0,93% 33% 93% 36%,9.626
knucleotide,node,1,25000000,1008,141.772,1292188,0,66% 68% 91% 80%,65.308
knucleotide,chapel,1,25000000,1063,65.715,293524,0,100% 90% 91% 91%,17.732
knucleotide,csharpcore,4,25000000,1702,89.681,723132,0,89% 89% 85% 89%,25.643
knucleotide,truffle,1,25000000,667,1213.538,2151780,0,88% 90% 92% 94%,334.127
knucleotide,ghc,1,25000000,1059,141.796,523084,0,91% 88% 88% 87%,40.224
knucleotide,rust,2,25000000,1347,46.876,137880,0,100% 51% 85% 42%,16.893
knucleotide,node,2,25000000,935,139.068,1864112,0,73% 78% 71% 95%,63.038
knucleotide,csharpcore,1,25000000,1425,92.589,687680,0,2% 99% 2% 1%,91.697
knucleotide,dart,2,25000000,2467,84.674,2193848,0,61% 75% 84% 52%,31.219
knucleotide,fsharpcore,3,25000000,1111,66.278,1286732,0,54% 51% 79% 54%,27.939
knucleotide,racket,4,25000000,885,88.045,367936,0,0% 0% 0% 100%,88.046
knucleotide,sbcl,2,25000000,1284,139.877,506852,0,0% 1% 0% 100%,139.928
knucleotide,jruby,1,25000000,637,0.000,859216,-10,81% 86% 96% 96%,29.061
knucleotide,csharpcore,8,25000000,2593,30.463,185464,0,98% 72% 79% 82%,9.234
knucleotide,php,4,25000000,1079,133.266,242044,0,83% 76% 73% 91%,41.388
knucleotide,rust,7,25000000,1648,16.445,138028,0,78% 85% 49% 84%,5.594
knucleotide,csharpcore,3,25000000,1404,89.318,678300,0,96% 84% 81% 74%,26.863
knucleotide,javaaot,5,25000000,2219,87.235,180364,0,32% 74% 39% 91%,37.189
knucleotide,perl,2,25000000,359,218.238,658792,0,0% 100% 1% 0%,218.337
knucleotide,go,3,25000000,1722,47.345,148052,0,87% 97% 94% 95%,12.767
knucleotide,go,2,25000000,1560,131.570,265288,0,92% 53% 96% 49%,45.384
knucleotide,yarv,1,25000000,667,434.720,135312,0,88% 96% 100% 87%,117.363
knucleotide,sbcl,3,25000000,1290,141.017,509312,0,0% 100% 1% 0%,141.067
knucleotide,gcc,1,25000000,1506,15.246,130008,0,88% 84% 58% 73%,5.066
knucleotide,fsharpcore,4,25000000,1509,63.168,1150604,0,75% 76% 86% 78%,20.062
knucleotide,truffle,3,25000000,540,1205.926,2135536,0,95% 93% 91% 90%,329.755
knucleotide,mri,3,25000000,540,1350.975,168248,0,47% 54% 0% 0%,1351.407
knucleotide,ocaml,3,25000000,1833,57.353,255476,0,77% 47% 94% 40%,22.343
knucleotide,sbcl,1,25000000,2424,76.899,504584,0,66% 100% 67% 67%,25.814
knucleotide,fsharpcore,1,25000000,701,210.039,900344,0,90% 83% 80% 73%,64.591
knucleotide,mri,7,25000000,858,0.000,0,-2,83% 86% 67% 67%,0.065
knucleotide,racket,1,25000000,547,243.382,1313516,0,94% 0% 1% 6%,243.410
knucleotide,hack,4,25000000,1081,0.000,118396,-1,1% 0% 0% 0%,3605.083
knucleotide,java,4,25000000,1882,61.213,197392,0,1% 1% 24% 77%,60.086
knucleotide,ifc,1,25000000,2238,95.795,203196,0,0% 0% 1% 100%,95.852
knucleotide,python3,8,25000000,791,400.507,455620,0,96% 96% 54% 63%,130.725
knucleotide,ghc,2,25000000,1486,0.000,0,-11,%,0.000
knucleotide,gpp,2,25000000,1624,11.159,155956,0,70% 98% 70% 68%,3.663
knucleotide,sbcl,4,25000000,2291,37.915,151844,0,100% 1% 0% 0%,37.946
knucleotide,rust,3,25000000,1661,25.825,137460,0,34% 81% 41% 91%,10.521
knucleotide,fsharpcore,5,25000000,1959,34.932,195496,0,93% 86% 95% 90%,9.617
knucleotide,java,6,25000000,1607,41.743,381460,0,98% 80% 79% 80%,12.403
knucleotide,mri,1,25000000,637,1012.134,126652,0,95% 68% 84% 81%,310.288
knucleotide,yarv,3,25000000,540,400.814,164792,0,31% 30% 24% 28%,359.218
mandelbrot,yarv,7,16000,973,2000.163,206436,0,100% 100% 100% 100%,501.517
mandelbrot,javaaot,4,16000,660,32.325,37756,0,97% 100% 89% 87%,8.679
mandelbrot,gcc,8,16000,782,18.963,31328,0,96% 100% 96% 96%,4.900
mandelbrot,python3,2,16000,1063,1670.967,12620,0,93% 93% 93% 100%,440.542
mandelbrot,mri,7,16000,973,0.000,0,-2,0% 33% 33% 0%,0.059
mandelbrot,racket,2,16000,585,86.123,25132,0,0% 1% 100% 0%,86.131
mandelbrot,erlang,1,16000,534,2042.644,1649380,0,99% 99% 100% 99%,516.359
mandelbrot,gpp,4,16000,1035,28.370,32944,0,100% 100% 100% 100%,7.119
mandelbrot,fpascal,2,16000,846,61.870,33144,0,36% 43% 94% 93%,23.304
mandelbrot,rust,4,16000,1160,0.000,0,-11,%,0.000
mandelbrot,python3,7,16000,771,1112.074,49156,0,100% 100% 100% 100%,278.362
mandelbrot,hipe,3,16000,792,474.401,46792,0,100% 100% 100% 100%,119.267
mandelbrot,fpascal,5,16000,845,58.403,30016,0,100% 100% 100% 100%,14.617
mandelbrot,gcc,9,16000,694,22.538,32888,0,96% 96% 96% 100%,5.841
mandelbrot,fsharpcore,3,16000,800,49.153,67792,0,99% 99% 98% 100%,12.437
mandelbrot,gnat,2,16000,577,51.746,2100,0,1% 0% 0% 100%,51.758
mandelbrot,hipe,1,16000,534,484.084,1635360,0,97% 97% 97% 97%,124.901
mandelbrot,yarv,4,16000,846,859.587,72336,0,33% 24% 21% 29%,818.934
mandelbrot,fsharpcore,2,16000,1043,54.267,40216,0,99% 99% 99% 99%,13.708
mandelbrot,rust,6,16000,1332,6.856,34168,0,98% 99% 98% 98%,1.748
mandelbrot,swift,3,16000,1136,13.074,39096,0,99% 100% 99% 99%,3.299
mandelbrot,hipe,2,16000,613,475.390,749356,0,99% 99% 99% 99%,119.912
mandelbrot,fpascal,3,16000,526,56.309,8,0,55% 0% 1% 45%,56.321
mandelbrot,truffle,5,16000,1044,0.000,600620,-10,92% 93% 93% 94%,31.729
mandelbrot,yarv,2,16000,954,1926.621,144684,0,100% 100% 100% 100%,482.927
mandelbrot,go,2,16000,837,49.412,32964,0,100% 100% 100% 100%,12.391
mandelbrot,csharpcore,3,16000,701,45.080,67380,0,99% 98% 98% 99%,11.428
mandelbrot,gpp,1,16000,1791,5.987,25588,0,99% 99% 99% 99%,1.509
mandelbrot,yarv,3,16000,307,1798.180,12232,0,7% 5% 51% 41%,1759.825
mandelbrot,truffle,3,16000,307,122.078,475924,0,40% 28% 31% 41%,88.301
mandelbrot,mri,2,16000,925,0.000,58044,-1,100% 100% 100% 100%,3606.928
mandelbrot,rust,1,16000,868,16.263,40576,0,98% 98% 99% 98%,4.136
mandelbrot,fsharpcore,1,16000,877,26.221,67016,0,98% 98% 100% 98%,6.671
mandelbrot,sbcl,1,16000,2473,28.675,49432,0,84% 100% 83% 99%,7.865
mandelbrot,ifc,3,16000,761,0.000,0,-10,100% 83% 100% 83%,0.060
mandelbrot,javaaot,3,16000,903,53.899,38596,0,100% 100% 100% 100%,13.524
mandelbrot,csharpcore,7,16000,923,25.640,66732,0,98% 98% 98% 100%,6.527
mandelbrot,gpp,5,16000,590,23.835,33608,0,1% 0% 100% 1%,23.842
mandelbrot,gpp,3,16000,414,86.075,1904,0,0% 100% 1% 0%,86.095
mandelbrot,go,1,16000,823,41.997,32436,0,99% 100% 100% 99%,10.576
mandelbrot,dart,1,16000,920,55.643,110508,0,99% 37% 99% 37%,20.444
mandelbrot,scala,1,16000,724,51.232,75944,0,98% 100% 98% 98%,13.068
mandelbrot,gcc,6,16000,1135,6.546,26416,0,100% 100% 99% 100%,1.644
mandelbrot,truffle,2,16000,954,220.175,573872,0,97% 96% 96% 96%,57.288
mandelbrot,jruby,7,16000,973,3152.506,833092,0,98% 98% 98% 98%,809.293
mandelbrot,fsharpcore,5,16000,897,26.173,67252,0,98% 98% 100% 98%,6.662
mandelbrot,javaaot,1,16000,665,52.395,5568,0,0% 1% 100% 0%,52.407
mandelbrot,csharpcore,6,16000,755,26.962,66520,0,98% 100% 98% 98%,6.862
mandelbrot,go,4,16000,905,21.790,30912,0,99% 99% 99% 100%,5.484
mandelbrot,lua,1,16000,359,599.825,2856,0,0% 89% 12% 0%,599.946
mandelbrot,gpp,7,16000,1017,24.228,34400,0,100% 100% 100% 100%,6.083
mandelbrot,lua,6,16000,623,779.677,22652,0,100% 72% 74% 67%,250.097
mandelbrot,ifc,7,16000,709,0.000,0,-10,100% 75% 100% 67%,0.029
mandelbrot,jruby,4,16000,846,3319.801,852612,0,98% 98% 98% 98%,847.611
mandelbrot,ifc,1,16000,499,0.000,2820,-10,4% 100% 8% 4%,0.242
mandelbrot,ifc,6,16000,661,20.746,62860,0,81% 81% 81% 100%,6.065
mandelbrot,hack,1,16000,449,128.723,114132,0,1% 100% 1% 0%,128.811
mandelbrot,node,1,16000,748,64.455,615808,0,92% 87% 99% 83%,17.878
mandelbrot,gcc,1,16000,822,25.574,27844,0,100% 100% 100% 100%,6.409
mandelbrot,perl,1,16000,586,2912.267,42964,0,100% 100% 100% 100%,729.088
mandelbrot,mri,6,16000,918,19855.922,262592,0,98% 98% 98% 98%,5078.514
mandelbrot,mri,5,16000,1023,0.000,0,-2,20% 0% 0% 33%,0.042
mandelbrot,mri,4,16000,846,0.000,17768,-1,90% 31% 25% 10%,121.079
mandelbrot,java,4,16000,660,22.441,66960,0,56% 75% 82% 97%,7.275
mandelbrot,racket,1,16000,517,118.147,26836,0,54% 31% 18% 0%,118.151
mandelbrot,lua,2,16000,367,720.436,1576,0,49% 1% 1% 51%,720.586
mandelbrot,typescript,1,16000,396,0.000,1635532,-2,32% 46% 33% 35%,179.325
mandelbrot,gcc,3,16000,763,23.464,32460,0,99% 99% 100% 100%,5.897
mandelbrot,racket,3,16000,802,73.572,26064,0,0% 0% 0% 100%,73.570
mandelbrot,gcc,4,16000,799,23.412,28740,0,100% 100% 100% 100%,5.863
mandelbrot,go,6,16000,700,50.744,30864,0,100% 100% 100% 100%,12.720
mandelbrot,java,2,16000,796,23.598,76876,0,96% 96% 96% 97%,6.133
mandelbrot,csharpcore,2,16000,484,227.990,66008,0,88% 85% 82% 82%,229.339
mandelbrot,php,3,16000,875,471.565,137452,0,100% 100% 100% 100%,118.071
mandelbrot,ifc,5,16000,520,60.574,34764,0,0% 0% 100% 1%,60.589
mandelbrot,gnat,3,16000,1819,22.176,32404,0,99% 100% 99% 99%,5.604
mandelbrot,ghc,2,16000,782,46.533,38588,0,100% 100% 100% 100%,11.657
mandelbrot,truffle,7,16000,973,0.000,254200,-2,89% 84% 84% 87%,5.034
mandelbrot,hack,2,16000,467,690.351,112956,0,53% 0% 1% 48%,690.583
mandelbrot,gpp,2,16000,692,29.004,34016,0,100% 0% 1% 0%,29.018
mandelbrot,chapel,2,16000,620,19.777,35984,0,99% 99% 98% 98%,5.018
mandelbrot,php,1,16000,449,467.105,8964,0,2% 0% 0% 98%,467.208
mandelbrot,ocaml,1,16000,717,54.836,4488,0,100% 100% 100% 100%,13.747
mandelbrot,mri,3,16000,307,14173.744,3432,0,41% 21% 24% 16%,14177.360
mandelbrot,chapel,1,16000,455,47.751,35728,0,100% 99% 99% 99%,12.013
mandelbrot,fsharpcore,4,16000,886,32.709,66968,0,99% 98% 98% 99%,8.292
mandelbrot,vw,1,16000,639,584.730,54656,0,79% 21% 0% 0%,584.922
mandelbrot,java,1,16000,665,44.497,33232,0,1% 100% 0% 1%,44.386
mandelbrot,rust,3,16000,1007,7.603,13528,0,100% 99% 99% 99%,1.910
mandelbrot,gcc,7,16000,994,24.230,32988,0,100% 100% 100% 100%,6.089
mandelbrot,ocaml,6,16000,444,55.187,2956,0,0% 1% 100% 0%,55.199
mandelbrot,yarv,5,16000,1044,0.000,43660,-10,99% 99% 99% 99%,30.364
mandelbrot,ifc,4,16000,618,48.788,62440,0,93% 87% 38% 41%,18.855
mandelbrot,java,6,16000,802,33.113,76320,0,97% 97% 98% 97%,8.525
mandelbrot,truffle,6,16000,918,0.000,248248,-2,85% 88% 82% 88%,5.393
mandelbrot,vw,2,16000,953,0.000,118032,-10,92% 65% 51% 60%,213.662
mandelbrot,python3,5,16000,589,1745.847,48680,0,100% 100% 100% 100%,436.910
mandelbrot,fpascal,4,16000,774,66.320,30112,0,100% 100% 100% 100%,16.593
mandelbrot,ifc,2,16000,821,0.000,294148,-10,0% 0% 40% 61%,50.703
mandelbrot,gpp,9,16000,726,19.979,34316,0,96% 95% 95% 99%,5.195
mandelbrot,gpp,8,16000,742,21.714,34312,0,80% 56% 37% 100%,8.002
mandelbrot,go,3,16000,894,21.763,30372,0,99% 100% 99% 99%,5.486
mandelbrot,swift,1,16000,394,49.411,7344,0,0% 100% 1% 0%,49.422
mandelbrot,lua,3,16000,358,583.582,2828,0,0% 97% 4% 0%,583.700
mandelbrot,fpascal,1,16000,846,61.863,33144,0,93% 37% 93% 43%,23.303
mandelbrot,erlang,2,16000,613,2022.760,1285708,0,100% 100% 100% 100%,508.261
mandelbrot,csharpcore,1,16000,798,46.005,67352,0,99% 98% 98% 100%,11.660
mandelbrot,java,3,16000,903,45.186,78684,0,98% 99% 99% 98%,11.466
mandelbrot,csharpcore,8,16000,794,22.999,66928,0,98% 100% 98% 98%,5.862
mandelbrot,javaaot,6,16000,802,32.508,38424,0,100% 99% 99% 100%,8.176
mandelbrot,racket,4,16000,801,74.759,114768,0,95% 95% 96% 96%,19.597
mandelbrot,yarv,6,16000,918,2052.979,202008,0,100% 100% 100% 100%,514.753
mandelbrot,jruby,5,16000,1023,0.000,775324,-10,97% 99% 98% 97%,56.632
mandelbrot,jruby,3,16000,307,2560.731,765116,0,9% 7% 69% 18%,2538.933
mandelbrot,javaaot,2,16000,796,32.280,38412,0,99% 100% 100% 99%,8.119
mandelbrot,csharpcore,5,16000,839,28.954,63476,0,98% 100% 98% 98%,7.367
mandelbrot,csharpcore,4,16000,672,26.711,66196,0,99% 98% 98% 99%,6.799
mandelbrot,hack,3,16000,877,126.482,126372,0,98% 97% 99% 97%,32.390
mandelbrot,gcc,2,16000,400,47.216,824,0,1% 0% 0% 100%,47.226
mandelbrot,truffle,4,16000,846,0.000,1163440,-2,97% 97% 97% 97%,3115.697
mandelbrot,sbcl,3,16000,894,45.273,49284,0,100% 99% 35% 36%,16.857
mandelbrot,hipe,4,16000,806,405.660,48744,0,100% 100% 100% 100%,101.605
mandelbrot,gpp,6,16000,1002,6.520,27876,0,99% 100% 100% 100%,1.641
nbody,truffle,2,50000000,1137,58.106,336436,0,15% 14% 13% 96%,42.018
nbody,java,4,50000000,1489,22.262,33128,0,0% 100% 2% 0%,22.173
nbody,racket,1,50000000,1496,108.495,26300,0,0% 1% 100% 0%,108.533
nbody,swift,5,50000000,1253,22.273,4784,0,0% 100% 2% 0%,22.280
nbody,gpp,1,50000000,1659,19.641,1208,0,0% 0% 1% 100%,19.647
nbody,python3,2,50000000,1413,923.983,8288,0,99% 0% 1% 1%,924.187
nbody,gcc,2,50000000,1263,21.798,1216,0,0% 100% 0% 1%,21.803
nbody,fpascal,1,50000000,1325,22.351,8,0,100% 1% 2% 1%,22.357
nbody,gpp,5,50000000,1749,12.420,1980,0,0% 100% 1% 0%,12.424
nbody,lua,2,50000000,1193,426.676,1412,0,0% 100% 1% 0%,426.754
nbody,vw,1,50000000,1824,193.468,54728,0,1% 59% 1% 42%,193.539
nbody,hipe,3,50000000,1399,187.504,21696,0,45% 56% 0% 0%,187.498
nbody,go,2,50000000,1215,22.461,1536,0,1% 0% 0% 100%,22.458
nbody,rust,3,50000000,1540,20.453,1720,0,1% 100% 0% 0%,20.459
nbody,gpp,6,50000000,1668,20.487,1192,0,0% 0% 1% 100%,20.492
nbody,gpp,7,50000000,1545,9.415,1188,0,0% 1% 1% 100%,9.418
nbody,rust,4,50000000,1803,18.525,1776,0,1% 0% 100% 0%,18.530
nbody,kotlin,2,50000000,1390,22.644,32788,0,0% 1% 1% 100%,22.549
nbody,fsharpcore,2,50000000,1381,22.890,37872,0,0% 100% 1% 0%,22.885
nbody,java,2,50000000,1424,22.482,33188,0,3% 1% 99% 1%,22.386
nbody,swift,6,50000000,1194,24.031,7316,0,0% 100% 1% 0%,24.038
nbody,csharpcore,5,50000000,1534,21.734,35592,0,0% 100% 1% 0%,21.728
nbody,yarv,2,50000000,1137,401.678,12284,0,8% 95% 5% 5%,357.606
nbody,typescript,2,50000000,1453,90.417,43384,0,18% 37% 48% 1%,88.969
nbody,rust,2,50000000,1805,13.121,1728,0,1% 0% 100% 0%,13.125
nbody,dart,2,50000000,1278,33.362,30844,0,1% 80% 20% 0%,33.318
nbody,gnat,5,50000000,2447,17.018,2104,0,1% 0% 0% 100%,17.023
nbody,gcc,4,50000000,1490,9.168,1228,0,100% 0% 0% 1%,9.172
nbody,rust,1,50000000,1480,13.434,1788,0,1% 100% 0% 0%,13.438
nbody,csharpcore,8,50000000,1343,22.015,35580,0,1% 100% 2% 1%,22.011
nbody,swift,7,50000000,1445,0.000,0,-2,%,0.000
nbody,jruby,2,50000000,1137,444.899,793604,0,50% 4% 42% 8%,432.614
nbody,gpp,3,50000000,1763,8.234,1924,0,1% 0% 100% 1%,8.237
nbody,hack,3,50000000,1080,1770.470,115996,0,11% 90% 0% 1%,1770.916
nbody,swift,8,50000000,1346,0.000,0,-2,0% 0% 0% 50%,0.011
nbody,fpascal,2,50000000,1339,22.746,8,0,100% 0% 0% 1%,22.752
nbody,erlang,3,50000000,1399,377.056,24140,0,1% 100% 0% 1%,377.148
nbody,sbcl,1,50000000,1368,42.603,17764,0,100% 0% 0% 1%,42.612
nbody,ghc,1,50000000,1706,100.240,4120,0,99% 98% 100% 99%,25.335
nbody,javaaot,3,50000000,1430,27.706,5496,0,2% 100% 1% 0%,27.713
nbody,gnat,3,50000000,1750,23.561,2096,0,1% 0% 0% 100%,23.567
nbody,mri,2,50000000,1137,4438.511,3856,0,0% 0% 99% 1%,4439.825
nbody,swift,3,50000000,1204,206.379,4448,0,0% 1% 100% 0%,206.421
nbody,ifc,1,50000000,1393,19.662,8,0,100% 0% 1% 0%,19.668
nbody,fpascal,3,50000000,1435,24.918,8,0,100% 0% 0% 1%,24.924
nbody,perl,2,50000000,1429,710.514,5244,0,0% 1% 0% 100%,710.661
nbody,ocaml,1,50000000,1251,21.668,1524,0,1% 0% 0% 100%,21.674
nbody,javaaot,4,50000000,1489,28.227,5568,0,0% 0% 1% 100%,28.236
nbody,java,5,50000000,1429,23.498,33284,0,1% 100% 0% 1%,23.399
nbody,ifc,5,50000000,1664,9.095,8,0,100% 1% 1% 0%,9.098
nbody,java,3,50000000,1430,22.871,32836,0,1% 1% 1% 100%,22.778
nbody,typescript,3,50000000,1348,26.968,33244,0,100% 0% 1% 0%,26.966
nbody,swift,4,50000000,1357,0.000,0,-2,0% 0% 100% 0%,0.008
nbody,python3,1,50000000,1355,875.046,8300,0,76% 24% 1% 0%,875.233
nbody,fsharpcore,1,50000000,1267,25.140,68108,0,0% 66% 35% 0%,25.107
nbody,csharpcore,1,50000000,1403,22.455,35528,0,1% 100% 2% 0%,22.450
nbody,typescript,1,50000000,1462,86.402,44892,0,3% 76% 2% 21%,85.409
nbody,node,4,50000000,1279,31.624,33372,0,0% 0% 0% 100%,31.628
nbody,node,5,50000000,1193,29.159,33352,0,0% 1% 100% 0%,29.160
nbody,gnat,2,50000000,2617,8.794,2116,0,1% 100% 0% 0%,8.798
nbody,csharpcore,3,50000000,1305,21.744,35500,0,1% 1% 1% 100%,21.741
nbody,gcc,3,50000000,1208,23.436,1140,0,0% 0% 100% 1%,23.442
nbody,hack,5,50000000,1439,628.957,116640,0,5% 89% 1% 6%,629.148
nbody,csharpcore,6,50000000,1289,24.604,35484,0,100% 1% 1% 1%,24.600
nbody,swift,2,50000000,1192,31.692,7184,0,0% 100% 1% 0%,31.699
nbody,racket,2,50000000,1689,53.890,26192,0,0% 0% 0% 100%,53.893
nbody,gpp,8,50000000,1544,9.040,1204,0,0% 100% 0% 1%,9.043
nbody,go,3,50000000,1200,21.470,1536,0,0% 0% 100% 0%,21.470
nbody,ifc,6,50000000,1524,8.155,8,0,100% 0% 1% 0%,8.158
nbody,ifc,2,50000000,1500,19.699,8,0,2% 100% 1% 0%,19.705
nbody,fsharpcore,3,50000000,1617,24.108,37136,0,100% 0% 0% 0%,24.104
nbody,ifc,3,50000000,1305,22.412,8,0,0% 100% 0% 0%,22.418
nbody,gcc,1,50000000,1173,20.092,1220,0,1% 0% 0% 100%,20.098
nbody,gcc,6,50000000,1180,21.010,1220,0,0% 0% 100% 1%,21.015
nbody,rust,5,50000000,2220,20.238,1800,0,0% 1% 100% 0%,20.243
nbody,gcc,5,50000000,1429,20.331,828,0,1% 0% 100% 0%,20.337
nbody,chapel,1,50000000,962,20.615,5072,0,100% 0% 1% 0%,20.624
nbody,php,3,50000000,1082,353.773,9220,0,0% 100% 1% 0%,353.842
nbody,node,2,50000000,1537,37.774,33416,0,1% 0% 100% 1%,37.773
nbody,go,1,50000000,1310,21.375,1536,0,0% 0% 100% 0%,21.374
nbody,kotlin,5,50000000,1349,23.180,33068,0,1% 99% 1% 1%,23.078
nbody,node,1,50000000,1297,26.307,33688,0,0% 1% 100% 0%,26.305
nbody,javaaot,2,50000000,1424,27.563,5516,0,0% 2% 100% 0%,27.570
nbody,csharpcore,2,50000000,1410,22.369,35468,0,1% 0% 1% 100%,22.365
nbody,javaaot,1,50000000,1430,26.681,5516,0,0% 1% 100% 0%,26.688
nbody,lua,1,50000000,1201,458.917,1488,0,0% 100% 1% 0%,459.001
nbody,ifc,4,50000000,1179,21.681,8,0,1% 0% 100% 1%,21.686
nbody,lua,4,50000000,1305,404.760,1404,0,0% 98% 3% 0%,404.834
nbody,csharpcore,9,50000000,1299,0.000,760,-10,3% 3% 7% 95%,0.388
nbody,dart,3,50000000,1426,28.039,32400,0,1% 1% 0% 100%,27.993
nbody,gnat,1,50000000,1618,24.106,2144,0,1% 0% 25% 75%,24.113
nbody,csharpcore,4,50000000,1404,22.478,35496,0,1% 0% 100% 1%,22.474
nbody,sbcl,2,50000000,1403,27.122,17764,0,0% 100% 0% 1%,27.129
nbody,ghc,2,50000000,1883,21.911,4068,0,100% 1% 0% 0%,21.905
nbody,gpp,4,50000000,1428,20.278,868,0,0% 0% 1% 100%,20.285
nbody,csharpcore,7,50000000,1542,21.400,35528,0,0% 100% 1% 0%,21.395
nbody,javaaot,5,50000000,1429,29.922,5568,0,100% 0% 1% 0%,29.929
nbody,java,1,50000000,1430,22.843,34116,0,100% 1% 0% 1%,22.733
pidigits,chapel,1,10000,501,1.628,6416,0,100% 2% 0% 1%,1.618
pidigits,lua,7,10000,477,0.000,0,-2,%,0.000
pidigits,swift,2,10000,601,1.759,8520,0,1% 100% 2% 1%,1.761
pidigits,swift,1,10000,1017,0.000,0,-11,%,0.000
pidigits,sbcl,4,10000,940,1.791,20196,0,1% 2% 1% 100%,1.793
pidigits,php,5,10000,399,2.114,10664,0,100% 0% 1% 1%,2.116
pidigits,node,2,10000,420,0.000,0,-2,0% 100% 0% 17%,0.109
pidigits,ghc,4,10000,311,0.000,0,-11,%,0.000
pidigits,racket,2,10000,1136,2.184,26440,0,0% 100% 1% 0%,2.186
pidigits,sbcl,3,10000,493,11.964,325776,0,0% 1% 100% 0%,11.985
pidigits,sbcl,2,10000,648,21.009,333764,0,0% 100% 1% 0%,21.043
pidigits,erlang,1,10000,559,16.908,36532,0,1% 6% 95% 1%,16.807
pidigits,csharpcore,3,10000,1026,3.075,37160,0,98% 1% 3% 1%,3.067
pidigits,perl,1,10000,463,15.439,10876,0,0% 81% 19% 1%,15.446
pidigits,csharpcore,2,10000,856,0.000,71156,-2,90% 2% 1% 10%,1.173
pidigits,hipe,3,10000,562,17.028,44156,0,10% 41% 57% 15%,14.032
pidigits,gnat,2,10000,1068,1.748,4312,0,1% 0% 100% 0%,1.750
pidigits,lua,1,10000,522,0.000,0,-2,0% 0% 0% 100%,0.021
pidigits,csharpcore,4,10000,1128,0.000,780,-2,3% 20% 31% 55%,0.400
pidigits,gpp,4,10000,513,1.883,4284,0,5% 0% 1% 100%,1.885
pidigits,fpascal,1,10000,3060,25.217,652,0,100% 0% 1% 0%,25.223
pidigits,go,3,10000,603,2.021,9256,0,0% 0% 100% 0%,2.022
pidigits,jruby,5,10000,485,0.000,229020,-2,69% 63% 84% 77%,3.102
pidigits,php,3,10000,504,2.136,10672,0,1% 0% 0% 100%,2.139
pidigits,truffle,5,10000,485,0.000,320644,-2,86% 90% 85% 88%,7.970
pidigits,ifc,3,10000,969,0.000,0,-11,%,0.000
pidigits,hipe,1,10000,559,16.345,35912,0,1% 1% 99% 2%,16.032
pidigits,python3,2,10000,504,3.518,10540,0,0% 1% 1% 100%,3.522
pidigits,yarv,1,10000,518,64.021,167496,0,46% 55% 36% 68%,31.638
pidigits,erlang,2,10000,512,18.924,37528,0,9% 1% 100% 10%,16.251
pidigits,php,1,10000,736,545.274,11680,0,0% 91% 10% 0%,545.397
pidigits,fsharpcore,1,10000,513,41.276,104924,0,20% 34% 32% 18%,39.545
pidigits,sbcl,1,10000,1064,0.000,0,-10,0% 0% 0% 100%,0.022
pidigits,php,4,10000,389,2.122,10512,0,100% 0% 0% 2%,2.124
pidigits,mri,5,10000,485,0.000,0,-2,%,0.000
pidigits,fsharpcore,4,10000,874,3.078,36768,0,1% 94% 8% 1%,3.070
pidigits,mri,2,10000,658,0.000,0,-2,%,0.000
pidigits,rust,1,10000,1420,1.743,4464,0,1% 100% 3% 0%,1.746
pidigits,truffle,2,10000,658,0.000,309316,-2,89% 84% 89% 85%,7.326
pidigits,gnat,1,10000,1157,10.934,4784,0,1% 100% 0% 0%,10.938
pidigits,ocaml,5,10000,458,6.707,19836,0,1% 1% 1% 100%,6.721
pidigits,fpascal,2,10000,828,10.930,2628,0,100% 0% 0% 0%,10.934
pidigits,mri,1,10000,518,29.341,17712,0,0% 0% 100% 0%,29.387
pidigits,rust,2,10000,1306,1.744,4632,0,1% 1% 100% 0%,1.746
pidigits,fsharpcore,3,10000,909,3.103,37812,0,4% 0% 2% 98%,3.095
pidigits,hack,1,10000,735,0.000,116516,-10,18% 1% 1% 84%,18.923
pidigits,go,2,10000,733,2.932,9344,0,0% 100% 0% 0%,2.932
pidigits,gpp,3,10000,663,0.000,8624,-1,1% 64% 37% 0%,300.592
pidigits,java,1,10000,800,21.251,254404,0,3% 6% 97% 6%,19.556
pidigits,racket,1,10000,453,27.556,124156,0,100% 1% 0% 0%,27.576
pidigits,lua,5,10000,479,0.000,0,-2,%,0.000
pidigits,vw,4,10000,788,12.619,55416,0,0% 0% 1% 100%,12.630
pidigits,fsharpcore,2,10000,701,25.783,80624,0,25% 34% 31% 16%,24.594
pidigits,gcc,1,10000,452,1.744,2728,0,1% 2% 0% 100%,1.746
pidigits,yarv,5,10000,485,0.000,9600,-2,9% 65% 35% 55%,0.546
pidigits,yarv,2,10000,658,0.000,9968,-2,0% 38% 65% 50%,0.550
pidigits,dart,1,10000,603,0.000,952,-10,44% 36% 44% 0%,0.273
pidigits,hipe,2,10000,512,17.612,46412,0,12% 27% 5% 77%,14.646
pidigits,fpascal,3,10000,530,1.724,2428,0,0% 2% 100% 1%,1.726
pidigits,jruby,1,10000,518,34.315,776596,0,19% 14% 78% 35%,23.735
pidigits,java,2,10000,938,3.354,37080,0,4% 4% 1% 98%,3.136
pidigits,chapel,2,10000,423,1.633,6512,0,99% 1% 0% 1%,1.624
pidigits,truffle,1,10000,518,67.271,562844,0,55% 50% 55% 53%,31.608
pidigits,go,1,10000,708,2.928,9744,0,33% 3% 1% 65%,2.920
pidigits,javaaot,2,10000,938,0.000,0,-11,%,0.000
pidigits,javaaot,1,10000,800,30.215,269940,0,1% 30% 71% 1%,30.260
pidigits,ifc,1,10000,1768,0.000,3476,-2,6% 1% 100% 0%,0.679
pidigits,rust,3,10000,1366,1.738,4592,0,2% 1% 100% 2%,1.741
pidigits,perl,2,10000,389,3.830,7320,0,2% 1% 100% 1%,3.833
pidigits,perl,4,10000,261,3.501,7348,0,100% 1% 1% 1%,3.504
pidigits,php,2,10000,545,3.203,10968,0,1% 0% 1% 100%,3.206
regexredux,jruby,2,5000000,431,67.128,1356968,0,43% 41% 49% 88%,30.596
regexredux,ghc,2,5000000,1537,0.000,0,-11,%,0.000
regexredux,truffle,3,5000000,751,222.304,1687828,0,43% 38% 38% 44%,136.925
regexredux,csharpcore,5,5000000,673,48.949,1555668,0,78% 76% 78% 99%,14.891
regexredux,fsharpcore,6,5000000,611,46.714,1504112,0,80% 73% 80% 97%,14.144
regexredux,go,1,5000000,741,129.051,322376,0,70% 66% 50% 54%,53.887
regexredux,java,4,5000000,929,0.000,45720,-10,70% 48% 33% 62%,0.638
regexredux,hipe,6,5000000,1065,0.000,1544,-10,73% 28% 64% 46%,0.255
regexredux,truffle,8,5000000,555,0.000,484984,-2,86% 84% 88% 84%,5.842
regexredux,gpp,1,5000000,656,8.700,200748,0,0% 100% 2% 0%,8.706
regexredux,ocaml,4,5000000,1064,0.000,0,-11,%,0.000
regexredux,csharpcore,6,5000000,640,0.000,41252,-10,45% 56% 90% 35%,0.481
regexredux,csharpcore,8,5000000,823,0.000,764,-10,36% 78% 64% 43%,0.282
regexredux,yarv,3,5000000,751,19.013,268288,0,66% 54% 91% 72%,14.103
regexredux,yarv,8,5000000,555,0.000,10768,-10,52% 20% 68% 66%,0.562
regexredux,csharpcore,1,5000000,635,46.519,1238724,0,2% 8% 17% 75%,46.282
regexredux,yarv,6,5000000,473,0.000,11020,-10,100% 34% 4% 64%,0.547
regexredux,php,4,5000000,872,0.000,0,-10,75% 33% 33% 100%,0.038
regexredux,csharpcore,4,5000000,856,103.178,1617516,0,91% 79% 90% 84%,30.159
regexredux,node,1,5000000,408,12.442,885184,0,12% 22% 33% 41%,11.626
regexredux,csharpcore,9,5000000,659,102.738,1566800,0,82% 91% 76% 78%,31.610
regexredux,truffle,2,5000000,431,216.297,1807812,0,63% 24% 22% 50%,135.845
regexredux,gnat,6,5000000,3788,0.000,0,-10,60% 80% 60% 50%,0.099
regexredux,java,3,5000000,929,31.725,609920,0,72% 78% 72% 83%,10.430
regexredux,truffle,9,5000000,335,220.050,1583088,0,60% 24% 23% 32%,159.816
regexredux,go,2,5000000,802,59.869,323820,0,69% 46% 50% 48%,28.213
regexredux,gpp,2,5000000,700,8.652,184656,0,39% 61% 34% 16%,5.836
regexredux,csharpcore,2,5000000,595,0.000,788,-10,66% 45% 30% 47%,0.336
regexredux,rust,2,5000000,701,3.973,193188,0,18% 16% 16% 96%,2.767
regexredux,swift,3,5000000,768,0.000,0,-2,%,0.000
regexredux,gpp,4,5000000,1315,4.226,203568,0,48% 53% 57% 99%,1.655
regexredux,hack,4,5000000,868,0.000,97000,-10,72% 22% 16% 26%,0.576
regexredux,gnat,5,5000000,3640,19.530,154280,0,71% 63% 84% 70%,6.800
regexredux,javaaot,2,5000000,1539,0.000,4576,-10,100% 96% 96% 96%,0.280
regexredux,typescript,2,5000000,440,13.049,650184,0,24% 32% 10% 44%,12.095
regexredux,java,1,5000000,868,31.418,606424,0,33% 77% 38% 43%,16.575
regexredux,rust,3,5000000,719,0.000,0,-10,50% 25% 67% 0%,0.042
regexredux,typescript,3,5000000,610,13.305,850180,0,51% 12% 33% 18%,11.835
regexredux,javaaot,6,5000000,740,0.000,0,-11,%,0.000
regexredux,fsharpcore,4,5000000,905,0.000,46340,-10,43% 37% 34% 81%,0.477
regexredux,perl,2,5000000,710,43.311,203776,0,95% 1% 71% 5%,25.376
regexredux,sbcl,3,5000000,1972,0.000,0,-2,%,0.000
regexredux,javaaot,3,5000000,929,0.000,0,-11,%,0.000
regexredux,gcc,2,5000000,1115,4.123,103012,0,100% 1% 1% 0%,4.127
regexredux,mri,2,5000000,431,0.000,6500,-10,100% 2% 2% 0%,0.622
regexredux,csharpcore,7,5000000,905,0.000,716,-10,50% 78% 71% 56%,0.409
regexredux,hack,1,5000000,815,3.412,266948,0,73% 28% 30% 46%,3.653
regexredux,dart,3,5000000,1050,12.570,791508,0,18% 88% 27% 24%,8.098
regexredux,typescript,1,5000000,440,13.025,650380,0,20% 26% 33% 30%,12.080
regexredux,fpascal,1,5000000,1273,7.785,99480,0,0% 0% 1% 100%,7.795
regexredux,gpp,5,5000000,852,9.267,212648,0,12% 89% 24% 12%,6.853
regexredux,go,3,5000000,829,133.715,679144,0,49% 74% 75% 49%,54.314
regexredux,node,2,5000000,432,12.124,683672,0,13% 30% 35% 31%,11.257
regexredux,mri,6,5000000,473,0.000,0,-2,100% 0% 100% 0%,0.008
regexredux,fsharpcore,5,5000000,529,46.951,1509740,0,91% 71% 74% 67%,15.466
regexredux,swift,2,5000000,671,0.000,0,-2,%,0.000
regexredux,javaaot,5,5000000,939,0.000,0,-10,86% 81% 100% 100%,0.151
regexredux,java,5,5000000,939,0.000,41608,-10,74% 73% 76% 68%,0.665
regexredux,dart,2,5000000,685,13.897,446080,0,14% 57% 34% 11%,12.079
regexredux,gcc,3,5000000,1266,4.165,103480,0,31% 22% 23% 100%,2.376
regexredux,truffle,6,5000000,473,0.000,546948,-10,88% 87% 86% 84%,7.478
regexredux,fsharpcore,3,5000000,886,0.000,57564,-10,44% 58% 67% 35%,0.532
regexredux,gpp,3,5000000,853,0.000,0,-11,%,0.000
regexredux,rust,1,5000000,804,3.935,199096,0,35% 20% 18% 88%,2.752
regexredux,python3,1,5000000,653,28.146,443932,0,33% 92% 26% 31%,15.574
regexredux,racket,1,5000000,541,54.090,1006828,0,90% 0% 0% 11%,54.088
regexredux,yarv,9,5000000,335,72.442,314540,0,77% 76% 26% 26%,35.846
regexredux,javaaot,4,5000000,929,0.000,6648,-10,100% 74% 47% 69%,0.362
regexredux,perl,4,5000000,820,43.587,155708,0,63% 86% 53% 96%,14.661
regexredux,csharpcore,3,5000000,815,0.000,368,-10,62% 73% 79% 58%,0.392
regexredux,lua,2,5000000,637,0.000,744,-10,3% 0% 0% 100%,0.342
regexredux,javaaot,1,5000000,868,45.427,1248228,0,21% 21% 21% 100%,28.192
regexredux,gcc,4,5000000,1230,4.056,152088,0,54% 59% 60% 100%,1.495
regexredux,fpascal,2,5000000,1503,5.243,102432,0,19% 90% 15% 14%,3.814
regexredux,java,6,5000000,740,31.946,529012,0,77% 76% 69% 84%,10.481
regexredux,mri,9,5000000,322,0.000,6616,-10,0% 0% 2% 98%,0.597
regexredux,php,1,5000000,816,2.459,270048,0,38% 39% 85% 38%,2.627
regexredux,mri,8,5000000,555,0.000,0,-2,65% 70% 75% 68%,0.201
regexredux,fsharpcore,2,5000000,426,46.919,1433524,0,76% 5% 9% 11%,46.669
regexredux,mri,3,5000000,727,0.000,2188,-10,87% 52% 50% 50%,0.292
regexredux,fsharpcore,1,5000000,646,0.000,187012,-10,52% 44% 52% 51%,2.527
regexredux,ocaml,2,5000000,637,25.164,968920,0,73% 0% 0% 28%,25.190
regexredux,java,2,5000000,1539,0.000,37064,-10,88% 63% 67% 71%,0.574
regexredux,perl,3,5000000,854,44.286,156260,0,60% 89% 51% 96%,14.978
regexredux,swift,1,5000000,715,0.000,0,-2,100% 0% 0% 0%,0.009
regexredux,perl,1,5000000,464,34.280,204320,0,0% 0% 0% 100%,34.292
regexredux,chapel,1,5000000,477,15.644,642972,0,100% 13% 14% 70%,8.126
regexredux,erlang,6,5000000,1060,0.000,1460,-10,55% 64% 74% 55%,0.223
regexredux,go,4,5000000,829,71.274,383640,0,82% 52% 54% 52%,29.813
regexredux,yarv,2,5000000,431,56.767,359124,0,66% 58% 44% 35%,28.105
revcomp,hack,2,100000000,273,0.000,98604,-10,80% 14% 2% 15%,0.504
revcomp,typescript,1,100000000,1141,18.027,712168,0,68% 8% 22% 11%,16.613
revcomp,javaaot,4,100000000,651,12.317,1185932,0,100% 0% 5% 0%,13.671
revcomp,gcc,6,100000000,820,2.626,796160,0,1% 69% 17% 53%,1.929
revcomp,ghc,2,100000000,982,32.411,3460312,0,56% 74% 65% 49%,25.855
revcomp,javaaot,6,100000000,752,8.241,1991708,0,22% 53% 1% 21%,21.710
revcomp,ocaml,4,100000000,2079,0.000,0,-11,%,0.000
revcomp,racket,1,100000000,553,55.193,1726720,0,0% 0% 0% 100%,55.214
revcomp,fsharpcore,2,100000000,1608,0.000,338196,-2,16% 18% 86% 12%,52.405
revcomp,gcc,3,100000000,1438,3.959,994468,0,48% 44% 95% 44%,1.749
revcomp,rust,3,100000000,1382,3.434,995120,0,17% 17% 18% 100%,2.304
revcomp,csharpcore,6,100000000,1621,7.181,1034408,0,25% 45% 76% 97%,2.971
revcomp,go,5,100000000,996,7.184,1355812,0,50% 26% 33% 20%,5.642
revcomp,go,3,100000000,605,4.254,826360,0,4% 97% 4% 0%,4.096
revcomp,javaaot,5,100000000,1108,10.968,795044,0,73% 0% 1% 27%,10.980
revcomp,hipe,4,100000000,1171,241.543,1996644,0,54% 25% 21% 37%,183.546
revcomp,fpascal,2,100000000,771,8.309,509364,0,100% 0% 0% 0%,8.322
revcomp,hipe,3,100000000,630,291.274,3395544,0,53% 19% 18% 36%,310.042
revcomp,node,2,100000000,1221,25.883,706196,0,4% 64% 22% 18%,24.380
revcomp,gpp,5,100000000,720,42.887,760940,0,2% 26% 74% 1%,42.909
revcomp,ghc,3,100000000,1020,7.815,501324,0,13% 8% 100% 13%,5.850
revcomp,java,6,100000000,752,7.275,2044592,0,86% 12% 2% 14%,10.922
revcomp,gnat,1,100000000,937,21.451,517480,0,2% 0% 0% 100%,21.464
revcomp,go,6,100000000,1338,7.071,2228580,0,43% 44% 28% 46%,4.436
revcomp,vw,1,100000000,926,0.000,332012,-10,1% 0% 100% 1%,13.145
revcomp,java,8,100000000,2183,7.173,672272,0,67% 46% 43% 77%,3.176
revcomp,yarv,1,100000000,568,0.000,1278952,-2,77% 79% 86% 74%,126.726
revcomp,ocaml,2,100000000,407,0.000,0,-11,%,0.000
revcomp,gpp,2,100000000,1087,4.826,979464,0,35% 10% 11% 75%,3.731
revcomp,ocaml,1,100000000,1368,0.004,34068,0,61% 58% 61% 52%,3.783
revcomp,truffle,1,100000000,568,0.000,3365904,-2,92% 92% 93% 92%,103.872
revcomp,chapel,1,100000000,643,9.058,1003284,0,99% 16% 7% 14%,6.782
revcomp,jruby,3,100000000,517,0.000,3512096,-2,57% 59% 79% 55%,104.721
revcomp,jruby,1,100000000,545,0.000,3528872,-2,62% 66% 65% 55%,47.704
revcomp,mri,3,100000000,517,78.677,1397984,0,35% 53% 36% 38%,107.694
revcomp,yarv,2,100000000,264,62.938,500868,0,47% 60% 40% 57%,31.121
revcomp,mri,2,100000000,264,38.921,492568,0,60% 100% 22% 72%,38.948
revcomp,fsharpcore,5,100000000,1140,8.415,1036024,0,98% 35% 91% 59%,3.011
revcomp,ifc,1,100000000,1019,4.837,986208,0,17% 1% 1% 83%,4.848
revcomp,lua,2,100000000,553,75.071,2943804,0,53% 4% 2% 58%,75.981
revcomp,csharpcore,3,100000000,915,32.605,1418500,0,37% 37% 57% 14%,22.990
revcomp,ocaml,3,100000000,1375,0.000,0,-11,%,0.000
revcomp,lua,4,100000000,594,90.103,1483212,0,100% 0% 1% 0%,90.149
revcomp,go,2,100000000,611,4.163,824356,0,1% 35% 68% 2%,4.001
revcomp,swift,1,100000000,1287,0.000,0,-2,0% 0% 0% 100%,0.009
revcomp,dart,3,100000000,555,0.000,1631880,-2,44% 47% 54% 2%,7.609
revcomp,rust,1,100000000,1871,4.127,1020336,0,16% 33% 1% 78%,3.298
revcomp,gpp,3,100000000,840,4.458,499908,0,1% 2% 100% 0%,4.468
revcomp,javaaot,8,100000000,2183,9.470,966100,0,57% 99% 70% 34%,5.627
revcomp,mri,1,100000000,545,0.000,0,-2,100% 0% 0% 0%,0.007
revcomp,perl,3,100000000,287,10.592,1493876,0,0% 1% 100% 0%,10.606
revcomp,gpp,4,100000000,2280,4.558,980472,0,50% 41% 16% 50%,2.953
revcomp,csharpcore,4,100000000,1714,7.756,1927928,0,34% 74% 27% 10%,6.264
revcomp,java,4,100000000,651,10.004,1917568,0,2% 19% 80% 2%,11.382
revcomp,gnat,2,100000000,3283,4.480,817932,0,37% 24% 57% 0%,3.923
revcomp,chapel,2,100000000,707,5.114,1496196,0,96% 46% 59% 33%,2.212
revcomp,truffle,2,100000000,264,437.268,3372664,0,80% 47% 52% 43%,448.079
revcomp,php,3,100000000,438,7.574,516904,0,3% 59% 29% 59%,12.078
revcomp,gpp,1,100000000,592,11.408,979760,0,1% 0% 1% 100%,11.423
revcomp,php,1,100000000,312,14.938,1473012,0,100% 0% 1% 0%,14.964
revcomp,jruby,2,100000000,264,242.294,2172356,0,9% 11% 50% 57%,255.158
revcomp,go,1,100000000,1254,0.000,224644,-2,16% 26% 1% 85%,0.872
revcomp,ifc,2,100000000,772,129.185,705576,0,51% 30% 30% 6%,134.433
revcomp,yarv,3,100000000,537,72.738,1501248,0,87% 78% 66% 61%,94.852
revcomp,racket,2,100000000,1030,17.071,555148,0,100% 1% 1% 2%,17.076
revcomp,csharpcore,2,100000000,1674,9.121,2747228,0,27% 61% 22% 67%,5.745
revcomp,gcc,4,100000000,709,7.589,500308,0,1% 0% 100% 1%,7.598
revcomp,gcc,1,100000000,1874,4.152,1971008,0,19% 91% 11% 18%,4.539
revcomp,dart,2,100000000,561,0.000,1631712,-2,52% 26% 22% 50%,7.927
revcomp,truffle,3,100000000,537,0.000,3373708,-2,95% 94% 95% 94%,1092.740
revcomp,java,3,100000000,1722,11.092,1144680,0,40% 83% 57% 46%,4.917
revcomp,csharpcore,1,100000000,1109,6.689,1030812,0,72% 1% 1% 29%,6.675
revcomp,gcc,2,100000000,750,3.143,994312,0,85% 9% 41% 16%,2.127
revcomp,hipe,1,100000000,1302,110.609,2070992,0,56% 57% 57% 74%,45.528
revcomp,rust,2,100000000,1376,2.738,995240,0,25% 25% 24% 99%,1.618
revcomp,javaaot,7,100000000,1647,0.000,0,-10,100% 50% 60% 80%,0.038
revcomp,hack,1,100000000,309,0.000,97560,-10,73% 15% 2% 14%,0.555
revcomp,gcc,5,100000000,647,2.802,994084,0,100% 0% 1% 0%,2.810
revcomp,sbcl,1,100000000,904,11.291,1406764,0,0% 100% 2% 0%,11.307
revcomp,fsharpcore,1,100000000,595,235.832,2958572,0,26% 63% 6% 17%,236.498
revcomp,java,7,100000000,1647,8.703,1028708,0,57% 14% 51% 65%,21.789
revcomp,python3,6,100000000,898,20.372,1005340,0,28% 65% 26% 12%,21.710
revcomp,python3,4,100000000,466,35.963,3539188,0,64% 35% 25% 34%,182.949
revcomp,node,7,100000000,1103,18.517,707640,0,25% 30% 11% 45%,16.960
revcomp,fsharpcore,4,100000000,1139,8.681,1035792,0,94% 37% 93% 55%,3.194
revcomp,gpp,6,100000000,1832,8.508,1552928,0,23% 30% 70% 17%,6.155
revcomp,javaaot,3,100000000,1722,9.878,1023192,0,85% 47% 39% 46%,4.598
revcomp,fsharpcore,3,100000000,557,6.042,1961980,0,61% 28% 4% 16%,8.727
revcomp,java,5,100000000,1108,7.153,1121672,0,4% 97% 5% 3%,6.793
revcomp,csharpcore,5,100000000,1613,7.298,1033744,0,26% 48% 5% 88%,4.499
revcomp,php,2,100000000,274,17.765,1779140,0,0% 1% 100% 0%,17.796
spectralnorm,go,4,5500,548,15.708,2344,0,100% 100% 100% 100%,3.944
spectralnorm,gcc,3,5500,463,15.750,1312,0,100% 100% 100% 100%,3.952
spectralnorm,gpp,6,5500,1044,7.866,1340,0,99% 100% 99% 99%,1.980
spectralnorm,hipe,1,5500,507,103.920,27684,0,0% 1% 0% 100%,103.897
spectralnorm,gcc,4,5500,1139,8.467,1308,0,100% 100% 100% 100%,2.130
spectralnorm,ghc,4,5500,987,15.712,3960,0,100% 97% 97% 95%,4.046
spectralnorm,sbcl,4,5500,891,40.531,65944,0,90% 92% 93% 91%,11.150
spectralnorm,php,1,5500,1152,147.778,20208,0,100% 100% 100% 100%,37.086
spectralnorm,kotlin,1,5500,515,17.160,35096,0,99% 1% 2% 1%,16.974
spectralnorm,php,3,5500,1210,238.503,20320,0,100% 100% 100% 100%,59.762
spectralnorm,typescript,1,5500,383,15.815,33100,0,100% 0% 1% 0%,15.817
spectralnorm,hipe,2,5500,747,61.953,30428,0,99% 99% 99% 98%,15.747
spectralnorm,gnat,4,5500,2770,7.885,4256,0,98% 98% 98% 98%,2.016
spectralnorm,truffle,1,5500,292,49.874,473876,0,34% 33% 65% 64%,25.343
spectralnorm,vw,2,5500,1074,5.393,246024,0,83% 84% 83% 82%,32.676
spectralnorm,rust,4,5500,817,9.164,2576,0,100% 100% 100% 100%,2.300
spectralnorm,lua,1,5500,329,193.235,2848,0,0% 0% 0% 100%,193.272
spectralnorm,node,2,5500,336,15.808,31608,0,0% 100% 1% 0%,15.809
spectralnorm,java,1,5500,514,17.014,34992,0,0% 100% 1% 1%,16.827
spectralnorm,gpp,8,5500,1278,13.966,1360,0,100% 100% 99% 100%,3.512
spectralnorm,php,2,5500,397,239.834,9240,0,0% 85% 16% 0%,239.883
spectralnorm,fpascal,1,5500,423,15.968,8,0,100% 0% 1% 0%,15.971
spectralnorm,yarv,5,5500,862,494.131,54944,0,94% 95% 93% 92%,132.223
spectralnorm,node,5,5500,393,15.805,32180,0,100% 0% 1% 0%,15.807
spectralnorm,gpp,5,5500,1044,7.956,2044,0,100% 100% 99% 100%,2.001
spectralnorm,racket,3,5500,627,20.548,27228,0,98% 96% 96% 96%,5.324
spectralnorm,dart,1,5500,462,15.935,32288,0,1% 1% 100% 0%,15.887
spectralnorm,rust,3,5500,1053,9.246,2780,0,98% 98% 98% 98%,2.361
spectralnorm,ifc,3,5500,638,7.924,3020,0,100% 99% 100% 100%,1.991
spectralnorm,typescript,2,5500,385,21.147,33444,0,21% 0% 1% 79%,21.132
spectralnorm,hack,3,5500,1212,139.132,115460,0,98% 98% 99% 98%,35.441
spectralnorm,fpascal,2,5500,542,15.806,1980,0,99% 99% 99% 99%,3.979
spectralnorm,truffle,5,5500,862,0.000,418528,-1,3% 4% 4% 4%,300.617
spectralnorm,chapel,1,5500,310,15.771,5228,0,99% 99% 99% 99%,3.988
spectralnorm,fsharpcore,3,5500,721,17.488,37236,0,96% 98% 97% 96%,4.533
spectralnorm,node,3,5500,381,15.803,31656,0,0% 100% 0% 1%,15.805
spectralnorm,javaaot,1,5500,514,15.716,7184,0,0% 100% 1% 0%,15.721
spectralnorm,python3,6,5500,504,665.184,9504,0,56% 1% 34% 11%,665.361
spectralnorm,jruby,4,5500,326,296.106,773252,0,44% 8% 36% 18%,283.570
spectralnorm,perl,1,5500,333,171.488,6736,0,0% 0% 0% 100%,171.527
spectralnorm,ocaml,2,5500,377,15.691,3688,0,1% 0% 100% 0%,15.696
spectralnorm,javaaot,2,5500,950,21.768,6396,0,100% 100% 100% 100%,5.465
spectralnorm,csharpcore,3,5500,878,15.834,34988,0,97% 98% 98% 96%,4.078
spectralnorm,java,2,5500,950,16.792,35028,0,96% 97% 98% 95%,4.405
spectralnorm,jruby,2,5500,776,877.934,781452,0,98% 98% 98% 98%,225.350
spectralnorm,sbcl,3,5500,890,15.829,19324,0,89% 89% 85% 87%,4.545
spectralnorm,gpp,2,5500,453,2.465,238928,0,1% 0% 0% 100%,2.470
spectralnorm,gcc,1,5500,383,15.689,1248,0,4% 2% 100% 0%,15.694
spectralnorm,fsharp,2,5500,852,22.716,45836,0,86% 86% 92% 85%,6.527
spectralnorm,perl,2,5500,343,734.202,6244,0,0% 100% 1% 0%,734.348
spectralnorm,csharpcore,1,5500,459,15.849,35124,0,76% 0% 1% 24%,15.843
spectralnorm,typescript,3,5500,394,15.822,32120,0,100% 0% 1% 0%,15.823
spectralnorm,vw,1,5500,678,90.831,54824,0,1% 0% 0% 100%,90.855
spectralnorm,yarv,1,5500,292,299.488,13452,0,31% 73% 8% 5%,258.996
spectralnorm,swift,3,5500,601,15.786,8132,0,100% 100% 100% 100%,3.960
spectralnorm,ocaml,3,5500,914,16.023,5356,0,91% 94% 95% 94%,4.291
spectralnorm,perl,3,5500,850,885.823,16800,0,100% 100% 100% 100%,222.078
spectralnorm,sbcl,5,5500,899,15.850,19328,0,86% 88% 90% 87%,4.552
spectralnorm,yarv,4,5500,326,265.585,13936,0,14% 94% 7% 4%,225.688
spectralnorm,ghc,2,5500,403,15.779,5956,0,0% 1% 100% 0%,15.775
spectralnorm,mri,1,5500,292,2501.408,5956,0,19% 45% 37% 0%,2502.158
spectralnorm,gpp,1,5500,452,16.255,3120,0,0% 0% 1% 100%,16.260
spectralnorm,mri,5,5500,835,3761.991,22028,0,99% 99% 99% 99%,956.586
spectralnorm,gnat,3,5500,1717,15.717,4288,0,99% 99% 99% 99%,3.963
spectralnorm,perl,5,5500,340,154.709,6804,0,0% 100% 1% 0%,154.741
spectralnorm,ifc,2,5500,513,7.848,3132,0,0% 1% 1% 100%,7.852
spectralnorm,gcc,5,5500,569,7.888,1292,0,99% 99% 99% 99%,1.987
spectralnorm,sbcl,1,5500,631,18.273,20356,0,1% 0% 0% 100%,18.279
spectralnorm,erlang,1,5500,507,191.888,30416,0,0% 1% 1% 100%,191.909
spectralnorm,truffle,4,5500,326,51.189,469692,0,22% 26% 50% 66%,31.057
spectralnorm,erlang,2,5500,747,149.480,28696,0,96% 97% 98% 97%,38.563
spectralnorm,gnat,1,5500,716,15.690,3608,0,1% 100% 0% 0%,15.694
spectralnorm,rust,2,5500,1110,15.720,2820,0,98% 98% 98% 98%,4.023
spectralnorm,mri,4,5500,326,2739.198,6068,0,32% 28% 40% 1%,2739.973
spectralnorm,dart,5,5500,489,15.980,32108,0,0% 1% 1% 100%,15.935
spectralnorm,fsharpcore,4,5500,732,15.894,36860,0,96% 97% 98% 95%,4.123
spectralnorm,fsharpcore,2,5500,853,15.893,37088,0,95% 98% 97% 96%,4.125
spectralnorm,node,1,5500,319,15.817,32896,0,100% 0% 0% 1%,15.818
spectralnorm,sbcl,2,5500,915,15.832,19440,0,89% 87% 86% 88%,4.577
spectralnorm,swift,1,5500,438,0.000,0,-2,100% 0% 0% 0%,0.011
spectralnorm,racket,1,5500,446,40.321,24820,0,100% 1% 0% 0%,40.314
spectralnorm,python3,5,5500,605,739.823,50612,0,98% 99% 99% 99%,187.940
spectralnorm,fsharp,3,5500,720,18.656,48560,0,84% 89% 80% 84%,5.561
spectralnorm,perl,4,5500,555,165.141,10980,0,99% 99% 99% 98%,41.830
spectralnorm,rust,1,5500,1254,15.712,2820,0,99% 99% 99% 99%,3.978
spectralnorm,go,1,5500,411,15.696,2368,0,1% 0% 0% 100%,15.695
spectralnorm,go,2,5500,668,15.729,1796,0,95% 95% 96% 95%,4.130
spectralnorm,racket,2,5500,532,37.764,28480,0,100% 1% 1% 0%,37.762
spectralnorm,hack,2,5500,398,128.909,113572,0,1% 100% 0% 0%,128.995
spectralnorm,jruby,1,5500,292,529.163,778444,0,45% 16% 32% 11%,515.908
